artist_name,concert_name,city,venue,show_time,price_text,sale_status,source_type,source_url,collected_at
,青春乐团烛光音乐会动漫主题演奏三重奏钢琴&小提琴&大提琴,北京,青春无限音乐厅(北京朝阳店),2025-11-22 16:00,298,待定,爬虫采集,https://www.showstart.com/event/283418,2026-08-31
,独家 奇妙嘿夜烛光音乐会最伟大的作品&JJ曲目梦幻联动演奏三重奏钢琴&小提琴&大提琴,北京,青春无限音乐厅(北京朝阳店),2025-11-29 20:20,298,待定,爬虫采集,https://www.showstart.com/event/284674,2026-08-31
,《恶作剧之吻》《流星花园》《想见你》青春偶像剧主题曲演唱会,北京,五棵松·爱乐汇艺术空间·都市剧场,2026-04-10 19:30,85 / 126 / 196 / 266,待定,爬虫采集,https://www.showstart.com/event/289561,2026-08-31
,「再回首」致敬经典老歌演唱会 —— 一人一首成名曲,北京,五棵松·爱乐汇艺术空间·都市剧场,2026-04-11 14:30,80 / 144 / 224 / 304,待定,爬虫采集,https://www.showstart.com/event/289770,2026-08-31
,突然好想你·我们的爱·后来 流行金曲沉浸式演唱会,北京,三里屯-爱乐汇艺术空间-时空剧场,2026-07-12 19:30,100 / 180 / 280 / 380,待定,爬虫采集,https://www.showstart.com/event/303747,2026-08-31
,“沧海一声笑”辉煌港台影视怀旧金曲演唱会,北京,三里屯-爱乐汇艺术空间-时空剧场,2026-07-17 19:30,100 / 180 / 280 / 380,待定,爬虫采集,https://www.showstart.com/event/303754,2026-08-31
,《笑傲江湖》经典武侠金曲·民乐新国潮音乐会,北京,北京世纪剧院,2026-07-25 16:00,32 / 72 / 112 / 152,待定,爬虫采集,https://www.showstart.com/event/301252,2026-08-31
,【33周年纪念】“海阔天空”纪念beyond黄家驹金曲沉浸式演唱会,北京,三里屯-爱乐汇艺术空间-时空剧场,2026-07-25 16:30,100 / 180 / 280 / 380,待定,爬虫采集,https://www.showstart.com/event/303749,2026-08-31
陈佳,《我只在乎你》--陈佳 2026 邓丽君经典金曲专场演唱会,北京,中山公园音乐堂,2026-07-26 19:30,180 / 280 / 380 / 580,待定,爬虫采集,https://www.showstart.com/event/291177,2026-08-31
,【暑期特辑】“超燃交响”——星球大战·加勒比海盗经典影视交响音乐会,北京,五棵松·爱乐汇艺术空间·都市音乐厅,2026-08-07 19:30,100 / 135 / 180 / 210 / 280 / 285 / 360 / 380 / 480,待定,爬虫采集,https://www.showstart.com/event/304542,2026-08-31
,匆匆那年・岁月回响 华语流行金曲live 演唱会,北京,三里屯-爱乐汇艺术空间-时空剧场,2026-08-13 19:30,100 / 180 / 280 / 380,待定,爬虫采集,https://www.showstart.com/event/305985,2026-08-31
,青春无限乐团LALALAND 爱乐之城-世界影视作品曲目烛光音乐会钢琴&小提琴&大提琴演奏,北京,青春无限音乐厅(北京朝阳店),2026-08-22 18:30,298,待定,爬虫采集,https://www.showstart.com/event/308129,2026-08-31
,光辉岁月·海阔天空 —— 纪念BEYOND金曲演唱会,北京,五棵松·爱乐汇艺术空间·都市剧场,2026-08-28 19:30,90 / 144 / 224 / 304,待定,爬虫采集,https://www.showstart.com/event/300288,2026-08-31
,民族交响诗《大运河》音乐会,北京,北京中山音乐堂,2026-08-31 19:30,80 / 220 / 240 / 260 / 280,待定,爬虫采集,https://www.showstart.com/event/306219,2026-08-31
,致敬《乐满哈瓦那》发行30周年音乐会,北京,五棵松·爱乐汇艺术空间·都市剧场,2026-09-01 19:30,100 / 180 / 280,待定,爬虫采集,https://www.showstart.com/event/307573,2026-08-31
亚森,亚森「荒漠上行走II」2026巡演·北京站,北京,1919 LIVEHOUSE,2026-09-04 19:30,279 / 379 / 579,待定,爬虫采集,https://www.showstart.com/event/300619,2026-08-31
钟立风,独家 钟立风 「旅途愉快」2026巡演 北京站,北京,疆进酒·OMNI SPACE（北京）,2026-09-04 20:00,168 / 198,待定,爬虫采集,https://www.showstart.com/event/302424,2026-08-31
Yngwie Malmsteen,英格威·玛姆斯汀40周年纪念演唱会-北京站,北京,东三LIVE乐游园,2026-09-04 20:00,580 / 880 / 1280,待定,爬虫采集,https://www.showstart.com/event/307507,2026-08-31
AisinGioro_康熙,独家 康熙2026“天空树”巡演 北京站,北京,MAO Livehouse北京（东郎店）,2026-09-04 20:00,168 / 288,待定,爬虫采集,https://www.showstart.com/event/306469,2026-08-31
,“童年的记忆”献给90、00后的经典动漫影视名曲音乐会,北京,三里屯-爱乐汇-城市演奏厅,2026-09-05 16:30,180 / 280 / 380,待定,爬虫采集,https://www.showstart.com/event/306590,2026-08-31
萬象COSMOS / 绯色地平线Scarlet Horizon / 摇光Benetnasch / 落地不见乐队 / 顶级秘密TOP SECRET / 狂言绮语,独家 Nuits d‘été 夏 重型音乐节,北京,魅现场,2026-09-05 17:00,148 / 168 / 188,待定,爬虫采集,https://www.showstart.com/event/307657,2026-08-31
,【古典精选】”皇帝与英雄“——贝多芬第三交响曲&第五钢琴协奏曲专场交响音乐会,北京,五棵松·爱乐汇艺术空间·都市音乐厅,2026-09-05 19:30,100 / 108 / 168 / 180 / 228 / 280 / 288 / 380 / 480,待定,爬虫采集,https://www.showstart.com/event/304258,2026-08-31
,无问西东——李仓枭胡琴中外民族音乐专场音乐会（北京站）,北京,国图艺术中心,2026-09-05 19:30,100 / 126 / 180 / 196 / 266 / 280 / 300 / 380 / 450 / 600,待定,爬虫采集,https://www.showstart.com/event/304020,2026-08-31
指人儿乐队,独家 指人儿2026新专辑《热血无用》巡演北京站,北京,福浪LIVEHOUSE-浪,2026-09-05 20:00,120 / 150 / 220,待定,爬虫采集,https://www.showstart.com/event/304240,2026-08-31
鸠鸠jiojio / Fimoo,独家 【09.05北京】下班了班金润—鸠鸠Jiojio&Fimoo2026盲盒巡演,北京,菇的LIVE·蘑菇洞,2026-09-05 20:00,69 / 99 / 119 / 169,待定,爬虫采集,https://www.showstart.com/event/306917,2026-08-31
赞诗乐队,独家 贊詩乐队「始至中州记」2026十城巡演 北京站,北京,蛙厂RMMF·北京798店,2026-09-05 20:00,138 / 158,待定,爬虫采集,https://www.showstart.com/event/304935,2026-08-31
冯满天 / 王璐 / 冯朗庭,独家 《空弦驱动 -古今同频》阮咸电子即兴现场音乐会,北京,黄昏黎明DDC,2026-09-05 20:30,180 / 200 / 345,待定,爬虫采集,https://www.showstart.com/event/307274,2026-08-31
Deep Water,Deep Water「此时恰好 Have A Good Time Vol.2」2026秋季巡演·北京站,北京,乐空间,2026-09-05 20:30,80 / 100,待定,爬虫采集,https://www.showstart.com/event/306408,2026-08-31
余枫 / 曹寅,独家 十二回响 · 余枫个人演唱会·北京特别生日场,北京,疆进酒·OMNI SPACE（北京）,2026-09-06 19:00,380,待定,爬虫采集,https://www.showstart.com/event/305929,2026-08-31
,琴弦上的肖邦与舒伯特——大提琴&钢琴二重奏音乐会,北京,国图艺术中心,2026-09-06 19:30,68 / 108 / 168 / 180 / 228 / 250 / 280 / 350 / 380 / 500,待定,爬虫采集,https://www.showstart.com/event/304368,2026-08-31
鞠红川,独家 “川行 ”2026鞠红川个人音乐会北京站,北京,蛙厂RMMF·北京798店,2026-09-06 19:30,126 / 180 / 196 / 266 / 280 / 336 / 380 / 480,待定,爬虫采集,https://www.showstart.com/event/300982,2026-08-31
,【蓝色多瑙河圆舞曲】纪念维也纳“圆舞曲之王”小约翰·施特劳斯经典作品交响音乐会,北京,五棵松·爱乐汇艺术空间·都市音乐厅,2026-09-06 19:30,80 / 100 / 108 / 168 / 180 / 228 / 280 / 288 / 380 / 480,待定,爬虫采集,https://www.showstart.com/event/305320,2026-08-31
梦FM,梦飞船2026「守护·星」演唱会北京站,北京,瓦肆 VAS centra,2026-09-06 19:30,258 / 328 / 428 / 528 / 628,待定,爬虫采集,https://www.showstart.com/event/307074,2026-08-31
icyball冰球乐团,独家 icyball冰球乐团 2026「我很抱歉」巡演 北京场,北京,MAO Livehouse北京（东郎店）,2026-09-09 20:00,158 / 178 / 208,待定,爬虫采集,https://www.showstart.com/event/302701,2026-08-31
,【北京】《我相信》籁之音极光男声合唱团流行经典歌曲合唱音音乐会,北京,北京音乐厅,2026-09-10 19:30,100 / 126 / 196 / 266 / 480,待定,爬虫采集,https://www.showstart.com/event/305159,2026-08-31
Molly Nilsson,独家 Molly Nilsson 巡演｜柏林合成器流行女王的东方之约 北京站,北京,福浪LIVEHOUSE-浪,2026-09-10 20:30,168 / 188 / 218,待定,爬虫采集,https://www.showstart.com/event/304608,2026-08-31
,无限琴韵·桂冠回响-手风琴世界冠军Radu Ratoi拉杜·拉托伊音乐会 北京站,北京,五棵松·爱乐汇艺术空间·都市音乐厅,2026-09-11 19:30,100 / 126 / 196 / 266,待定,爬虫采集,https://www.showstart.com/event/303151,2026-08-31
陈昊然,「Beats by IJAPA」陈昊然×郭子翔 Live Beat Session,北京,三里屯-爱乐汇艺术空间-时空剧场,2026-09-11 19:30,180 / 224 / 304,待定,爬虫采集,https://www.showstart.com/event/308044,2026-08-31
乌兰图雅,独家 花开四季~心路歌者乌兰图雅演唱会专场,北京,北京展览馆剧场,2026-09-11 19:30,380 / 580 / 780,待定,爬虫采集,https://www.showstart.com/event/302177,2026-08-31
死水微澜,独家 死水微澜「山的那边」2026夏季巡演 北京站,北京,福浪LIVEHOUSE-浪,2026-09-11 20:00,99 / 109 / 129,待定,爬虫采集,https://www.showstart.com/event/305209,2026-08-31
eli's ladder,独家 波兰emo/盯鞋乐队 Eli’s Ladder 巡演北京站,北京,乐空间,2026-09-11 20:00,168 / 316,待定,爬虫采集,https://www.showstart.com/event/304924,2026-08-31
Trace Bundy（崔斯-班迪）,独家 Trace Bundy 2004-2026黄金时代《Adapt》指弹吉他音乐会 北京站,北京,黄昏黎明DDC,2026-09-11 20:00,180 / 280,待定,爬虫采集,https://www.showstart.com/event/299658,2026-08-31
NOUMENA / 生命之血Blood of Life,独家 Noumena乐队2026“地海边缘”巡演 北京站,北京,魅现场,2026-09-11 20:00,168 / 198 / 238 / 358,待定,爬虫采集,https://www.showstart.com/event/302720,2026-08-31
许巍 / 安燊 / 贰佰 / 二手玫瑰乐队 / 棱镜 / 霓虹花园 / 沈以诚 / 亚森 / 左卓,橙风岛X奥莉兔音乐节,北京,北京音乐产业园,2026-09-12 13:30,99 / 388 / 588 / 688,待定,爬虫采集,https://www.showstart.com/event/307581,2026-08-31
,克罗地亚狂想曲一一罗伯托 •奥尔比亚摇滚钢琴音乐会,北京,北京世纪剧院,2026-09-12 19:30,80 / 144 / 224 / 304,待定,爬虫采集,https://www.showstart.com/event/305259,2026-08-31
王朝1982,王朝1982【东海听潮】2026巡回演唱会-北京站,北京,蛙厂RMMF·北京798店,2026-09-12 19:30,199 / 299 / 399,待定,爬虫采集,https://www.showstart.com/event/306826,2026-08-31
TC,独家 TC 2026「无始无终」 巡演北京站,北京,疆进酒·OMNI SPACE（北京）,2026-09-12 20:00,148 / 188 / 268,待定,爬虫采集,https://www.showstart.com/event/301906,2026-08-31
郁乐队（DIE FROM SORROW）,独家 郁乐队2026-2027“惊恐症”巡演-北京站,北京,MAO Livehouse北京（东郎店）,2026-09-12 20:00,180 / 240,待定,爬虫采集,https://www.showstart.com/event/307819,2026-08-31
,「天鹅湖·胡桃夹子·睡美人」柴可夫斯基三大经典芭蕾舞曲交响音乐会,北京,五棵松·爱乐汇艺术空间·都市音乐厅,2026-09-13 19:30,100 / 108 / 168 / 180 / 228 / 280 / 288 / 380 / 480,待定,爬虫采集,https://www.showstart.com/event/305983,2026-08-31
崔伯龙 / 曲晓楠 / 范允泽 / 毛冠中 / 张跃升 / 林感,独家 百大校园歌手原创音乐会,北京,福浪LIVEHOUSE-福,2026-09-13 19:30,78 / 98 / 128,待定,爬虫采集,https://www.showstart.com/event/308664,2026-08-31
,北京丨9.13 Mark de Clive-Lowe 来了！聆听鬼才二人组的未来蓝图,北京,Blue Note Beijing,2026-09-13 19:30,220,待定,爬虫采集,https://www.showstart.com/event/307827,2026-08-31
王筝,王筝「回到那一天」2026巡演 北京站,北京,MAO Livehouse北京（东郎店）,2026-09-13 20:00,188 / 268 / 368,待定,爬虫采集,https://www.showstart.com/event/304696,2026-08-31
Casa Flamenco / Jesús Olmedo,独家 西班牙优秀弗拉门戈舞蹈家 Jesús Olmedo & Casa Flamenco 双城巡演 | DDL呈现,北京,黄昏黎明DDC,2026-09-13 20:30,100 / 120 / 420,待定,爬虫采集,https://www.showstart.com/event/308081,2026-08-31
Toninho Horta,北京丨9.16 格莱美奖得主78岁巴西国宝级吉他教父 Toninho Horta 2026巡演,北京,Blue Note Beijing,2026-09-16 20:00,280,待定,爬虫采集,https://www.showstart.com/event/308216,2026-08-31
贾梦颖女中音独唱,「寻梦」德国汉堡音乐与戏剧学院博士-贾梦颖女中音独唱音乐会,北京,五棵松·爱乐汇艺术空间·都市音乐厅,2026-09-18 19:30,80 / 100 / 126 / 196,待定,爬虫采集,https://www.showstart.com/event/308596,2026-08-31
辛弃疾词意弦歌,稼轩千秋•醉里归中原——辛弃疾词意弦歌音乐会,北京,北京国图艺术中心,2026-09-19 19:30,100 / 135 / 180 / 210 / 280 / 285 / 300 / 380 / 435 / 450 / 580 / 600,待定,爬虫采集,https://www.showstart.com/event/306919,2026-08-31
AMORPHIS,独家 芬兰国宝级史诗民谣金属传奇 AMORPHIS 2026巡演北京站,北京,疆进酒·OMNI SPACE（北京）,2026-09-19 20:00,320 / 360 / 580,待定,爬虫采集,https://www.showstart.com/event/302929,2026-08-31
李怡然同学,独家 「怡然の帽泡time」李怡然同学2026巡演 北京站,北京,乐空间,2026-09-19 20:00,99 / 138 / 258 / 298,待定,爬虫采集,https://www.showstart.com/event/307543,2026-08-31
十月婴孩,独家 十月婴孩乐队《如是》新专辑首发演唱会,北京,黄昏黎明DDC,2026-09-19 20:00,100 / 120,待定,爬虫采集,https://www.showstart.com/event/305103,2026-08-31
伏蒿乐队,独家 伏蒿2026《像草一样》巡演 北京站,北京,福浪LIVEHOUSE-浪,2026-09-19 20:00,88 / 108 / 188,待定,爬虫采集,https://www.showstart.com/event/304832,2026-08-31
祁紫檀,独家 祁紫檀2026“世界与孤独女王”巡演北京站,北京,1919 LIVEHOUSE,2026-09-19 20:30,159 / 189 / 219,待定,爬虫采集,https://www.showstart.com/event/304948,2026-08-31
EPICA,独家 Unknown Art 呈现 |  EPICA 荷兰交响金属乐大团「秘境维度」 2025 亚洲巡演 北京站,北京,东三LIVE乐游园,2026-09-20 18:00,540,待定,爬虫采集,https://www.showstart.com/event/278669,2026-08-31
JOYCE 就以斯,JOYCE 就以斯「才华换桃花」2026巡演 北京站,北京,MAO Livehouse北京（东郎店）,2026-09-20 19:30,188 / 258 / 338 / 358,待定,爬虫采集,https://www.showstart.com/event/307537,2026-08-31
Galen crew,北京·Galen Crew 船长2026睡美人 - 10周年回归巡演-北京站,北京,疆进酒·OMNI SPACE（北京）,2026-09-20 19:30,280 / 320 / 580,待定,爬虫采集,https://www.showstart.com/event/305591,2026-08-31
Dorena,独家 岸果呈现-北欧治愈系后摇Dorena2026巡演北京站,北京,疆进酒·OMNI SPACE（北京）,2026-09-21 20:00,188 / 218 / 328,待定,爬虫采集,https://www.showstart.com/event/304923,2026-08-31
JAMES ALYN / Pam 徐嘉琳 / HYBS,JamesAlyn（HYBS）&Pami徐嘉琳联合巡演北京站,北京,MAO Livehouse北京（东郎店）,2026-09-22 20:00,198 / 238 / 398,待定,爬虫采集,https://www.showstart.com/event/303300,2026-08-31
GOD IS AN ASTRONAUT,独家 岸果呈现 | God Is An Astronaut 2026巡演 北京站,北京,疆进酒·OMNI SPACE（北京）,2026-09-23 20:00,320 / 380,待定,爬虫采集,https://www.showstart.com/event/305726,2026-08-31
文兆杰 / 周杨,独家 文兆杰2026「我怀念的今夜」巡演-北京站,北京,疆进酒·OMNI SPACE（北京）,2026-09-24 20:00,99 / 128 / 148 / 188 / 368,待定,爬虫采集,https://www.showstart.com/event/305224,2026-08-31
堆填区LANDFILLS / 献身精神TheDevotion / 自然保护区 Naturalreserve,独家 2026不显名巡演第二轮｜北京站,北京,福浪LIVEHOUSE-浪,2026-09-24 20:00,19.90,待定,爬虫采集,https://www.showstart.com/event/307834,2026-08-31
,【中秋国庆专场】「我和我的祖国·友谊地久天长」传世经典作品音乐会,北京,五棵松·爱乐汇艺术空间·都市音乐厅,2026-09-25 16:30,80 / 100 / 126 / 180 / 196 / 266 / 280 / 380,待定,爬虫采集,https://www.showstart.com/event/307201,2026-08-31
,“喀秋莎”俄罗斯远东国家歌舞团大型歌舞晚会-2026全国巡演（北京站）,北京,北京世纪剧院,2026-09-25 19:30,126 / 139 / 189 / 289 / 339 / 439,待定,爬虫采集,https://www.showstart.com/event/307662,2026-08-31
,皓月英雄——梁皓一&中国电影乐团电影交响音乐会,北京,北京保利剧院,2026-09-25 19:30,180 / 280 / 380 / 480 / 580,待定,爬虫采集,https://www.showstart.com/event/302571,2026-08-31
fayzz,独家 Fayzz 10周年北京特别专场｜1919 LIVEHOUSE 两周年特别呈现,北京,1919 LIVEHOUSE,2026-09-25 20:00,158,待定,爬虫采集,https://www.showstart.com/event/307675,2026-08-31
Beast in Black,独家 北京·Beast in Black 2026巡演北京站,北京,MAO Livehouse北京（东郎店）,2026-09-25 20:00,280 / 320 / 550,待定,爬虫采集,https://www.showstart.com/event/305593,2026-08-31
,【北京站】《明月如霜》民乐古韵·中秋国风主题音乐会|世纪剧院小剧场,北京,北京剧院,2026-09-26 14:00,32 / 72 / 112 / 152,待定,爬虫采集,https://www.showstart.com/event/302650,2026-08-31
Jessie赵慧娟,独家 JESSIE 光与爱演唱会,北京,WeShow Live,2026-09-26 17:17,555 / 777 / 999,待定,爬虫采集,https://www.showstart.com/event/307991,2026-08-31
北京春之声合唱团,春咏古今 山河回响——北京春之声合唱团专场音乐会,北京,北京国图艺术中心,2026-09-26 19:00,50 / 80 / 120 / 150,待定,爬虫采集,https://www.showstart.com/event/308419,2026-08-31
东方经典协奏曲交响,中秋特惠 | 交响版《梁祝》&《黄河》-东方经典协奏曲交响音乐会,北京,五棵松·爱乐汇艺术空间·都市音乐厅,2026-09-26 19:30,100 / 153 / 238 / 323 / 408,待定,爬虫采集,https://www.showstart.com/event/308598,2026-08-31
1039乐队,独家 时光之旅演唱会｜1039乐队 华语金曲音乐现场,北京,MAO Livehouse北京（东郎店）,2026-09-26 19:30,98 / 138 / 258,待定,爬虫采集,https://www.showstart.com/event/302945,2026-08-31
脑浊乐队 / 哎呦乐队 / 街娃GaiWaEr,独家 脑浊乐队2026 “有朋克自远方来III” 巡演 北京站,北京,福浪LIVEHOUSE-浪,2026-09-26 20:00,100 / 120 / 160 / 189 / 240,待定,爬虫采集,https://www.showstart.com/event/303365,2026-08-31
动物园钉子户,独家 「pastday」动物园钉子户2026新EP全国巡演 北京站,北京,疆进酒·OMNI SPACE（北京）,2026-09-26 20:00,120 / 150 / 200,待定,爬虫采集,https://www.showstart.com/event/306161,2026-08-31
林恺伦Karencici,Karencici[与众不同The Loser Tour] 演唱会-北京站,北京,福浪LIVEHOUSE-福,2026-09-26 20:00,368 / 568,待定,爬虫采集,https://www.showstart.com/event/306446,2026-08-31
王澳楠EVE,王澳楠EVE「少女心事」首张EP同名巡演-北京站,北京,门空间 The Door Space,2026-09-27 19:00,168 / 198 / 258,待定,爬虫采集,https://www.showstart.com/event/307886,2026-08-31
古籍国风中秋节,一轮秋影转金波——古籍国风中秋节音乐会,北京,北京国图艺术中心,2026-09-27 19:30,80 / 135 / 180 / 210 / 280 / 285 / 300 / 380 / 450 / 600,待定,爬虫采集,https://www.showstart.com/event/307023,2026-08-31
孔雀眼,独家 孔雀眼2026「奔赴/Rendezvous」巡演 北京站,北京,疆进酒·OMNI SPACE（北京）,2026-09-27 20:00,148 / 168 / 238,待定,爬虫采集,https://www.showstart.com/event/307270,2026-08-31
,我和我的祖国一 2026 红色经典交响演唱十一音乐会,北京,北京中山音乐堂,2026-09-30 19:30,100 / 180 / 280 / 380 / 480 / 580,待定,爬虫采集,https://www.showstart.com/event/305396,2026-08-31
,「完全门德尔松」——《单簧管与巴塞特单簧管协奏曲》&《c小调第一交响曲》音乐会,北京,五棵松·爱乐汇艺术空间·都市音乐厅,2026-09-30 19:30,100 / 108 / 168 / 180 / 228 / 280 / 288 / 380 / 480,待定,爬虫采集,https://www.showstart.com/event/304260,2026-08-31
BlaiRy / FineTune乐队 / CrazyNoise!!!!!! / 夜伽話- YOTOBA,独家 次元音浪Vocaloid Only Band Live,北京,MASK,2026-10-01 14:00,88 / 108 / 158 / 188,待定,爬虫采集,https://www.showstart.com/event/308736,2026-08-31
,国庆假期《光辉岁月·致敬时光》经典金曲演唱会,北京,秦乐宫剧场,2026-10-01 19:45,69 / 99 / 180 / 280 / 350 / 380 / 550,待定,爬虫采集,https://www.showstart.com/event/306431,2026-08-31
怪兽计划乐队,独家 怪兽计划乐队『隔在你我之间的那片海』2026巡演 北京站,北京,菇的LIVE·蘑菇洞,2026-10-01 20:00,70 / 100 / 120,待定,爬虫采集,https://www.showstart.com/event/308225,2026-08-31
卦者灵风,独家 卦者灵风《东方巴黎》-巡回个人演唱会-北京站,北京,门空间 The Door Space,2026-10-03 19:30,188 / 258,待定,爬虫采集,https://www.showstart.com/event/306374,2026-08-31
MappleZS,星河回响——MappleZS原创钢琴音乐会,北京,五棵松·爱乐汇艺术空间·都市音乐厅,2026-10-03 19:30,153 / 238 / 323 / 493,待定,爬虫采集,https://www.showstart.com/event/302171,2026-08-31
Yīn Yīn（YIN YIN）,独家 闪千手呈现｜YĪN YĪN 2026新专辑巡演  北京,北京,福浪LIVEHOUSE-福,2026-10-03 20:30,220 / 260 / 380,待定,爬虫采集,https://www.showstart.com/event/300740,2026-08-31
孟庭苇,孟庭苇《孟里花落知多少·花开如初》巡回演唱会-北京站·收官站,北京,北京国家体育馆,2026-10-06 18:30,398 / 598 / 698 / 898 / 1198,待定,爬虫采集,https://www.showstart.com/event/308703,2026-08-31
PREP,独家 New Noise呈现｜PREP 2026双城巡演 北京站,北京,MAO Livehouse北京（东郎店）,2026-10-07 20:30,260,待定,爬虫采集,https://www.showstart.com/event/304466,2026-08-31
,美国瑙姆堡国际钢琴比赛冠军-高阳「幻想漫步」钢琴独奏音乐会,北京,五棵松·爱乐汇艺术空间·都市音乐厅,2026-10-10 19:30,100 / 144 / 224 / 304,待定,爬虫采集,https://www.showstart.com/event/308599,2026-08-31
相对论乐队,与你相对·相对论乐队 2026巡演 北京站,北京,福浪LIVEHOUSE-浪,2026-10-10 20:00,100 / 120 / 198,待定,爬虫采集,https://www.showstart.com/event/306789,2026-08-31
Charles Berthoud,独家 SoundVibe呈现｜Charles Berthoud《极限低音》Play With Fire 贝斯巡演 北京站,北京,黄昏黎明DDC,2026-10-11 19:30,200 / 320,待定,爬虫采集,https://www.showstart.com/event/305133,2026-08-31
Mamas Gun,英国当代灵魂乐之声Mamas Gun 《DIG!》巡演 北京站,北京,福浪LIVEHOUSE-浪,2026-10-11 20:00,220 / 280 / 320 / 520,待定,爬虫采集,https://www.showstart.com/event/304726,2026-08-31
莫西子诗,独家 莫西子诗“黑夜闪闪发光”2026LIVEHOUSE巡演-北京站,北京,福浪LIVEHOUSE-福,2026-10-16 20:00,128 / 158 / 188,待定,爬虫采集,https://www.showstart.com/event/303850,2026-08-31
大宽,独家 大宽「我们将离散在某日黄昏」个人巡演 北京站,北京,福浪LIVEHOUSE-福,2026-10-17 19:30,140 / 160 / 251 / 260,待定,爬虫采集,https://www.showstart.com/event/300842,2026-08-31
白皮书乐队,独家 白皮书「只喝一杯」十周年 No Stage巡演—北京站,北京,黄昏黎明DDC,2026-10-17 20:00,108 / 128 / 188,待定,爬虫采集,https://www.showstart.com/event/307131,2026-08-31
白日密语,独家 白日密语2026巡演 北京站,北京,MAO Livehouse北京（东郎店）,2026-10-18 20:00,8 / 128 / 158 / 238,待定,爬虫采集,https://www.showstart.com/event/306660,2026-08-31
迷心LostSoulParadise,迷心乐队「迷你心MinorHeart」梦幻独立之声·新EP巡演|北京站,北京,MAO Livehouse北京（东郎店）,2026-10-23 20:00,98 / 118 / 168,待定,爬虫采集,https://www.showstart.com/event/305512,2026-08-31
,独家 《不能说的秘密》经典名曲烛光音乐会,北京,中华世纪坛剧场,2026-10-24 19:30,60 / 110 / 160,待定,爬虫采集,https://www.showstart.com/event/306816,2026-08-31
庸俗救星,独家 庸俗救星2026「城市散步」巡演 北京站,北京,疆进酒·OMNI SPACE（北京）,2026-10-29 20:00,150 / 180 / 280,待定,爬虫采集,https://www.showstart.com/event/308821,2026-08-31
DANIEL MIGLIOSI QUARTET,独家 欧洲杰出青年爵士组合 DANIEL MIGLIOSI QUARTET 巡演｜DDL呈现 北京站,北京,黄昏黎明DDC,2026-10-29 20:30,118 / 138 / 218 / 458,待定,爬虫采集,https://www.showstart.com/event/307426,2026-08-31
蓝心羽,蓝心羽2026「爱是 love is…」巡回演唱会-北京站,北京,北京市华侨城大剧院,2026-10-30 19:30,180 / 280 / 380 / 480 / 504 / 684 / 864,待定,爬虫采集,https://www.showstart.com/event/306642,2026-08-31
广场恐惧症 / 二向箔,独家 广恐2026 新专「永无岛」巡演 北京站,北京,乐空间,2026-10-30 20:00,108 / 128,待定,爬虫采集,https://www.showstart.com/event/308332,2026-08-31
萧忆情Alex,独家 萧忆情 ALEX[拾·忆]2026 巡回演唱会-北京站,北京,北京市华侨城大剧院,2026-10-31 19:30,180 / 280 / 380 / 480 / 504 / 684 / 864,待定,爬虫采集,https://www.showstart.com/event/306304,2026-08-31
Stratovarius灵云乐队,独家 芬兰力量金属乐队Stratovarius灵云 2026巡演-北京站,北京,MAO Livehouse北京（东郎店）,2026-11-01 20:00,330 / 360 / 450 / 550 / 680,待定,爬虫采集,https://www.showstart.com/event/307269,2026-08-31
飞行冠军,独家 飞行冠军【浮出水面】2026新专辑巡演 北京站,北京,东三LIVE乐游园,2026-11-01 20:00,99 / 159 / 179,待定,爬虫采集,https://www.showstart.com/event/303243,2026-08-31
凯伦索萨,拉美爵士天后凯伦·索萨Karen Souza“丝绒爵色时”2026巡演-北京站,北京,五棵松·爱乐汇艺术空间·都市剧场,2026-11-04 19:30,98 / 168 / 238 / 308,待定,爬虫采集,https://www.showstart.com/event/307485,2026-08-31
布衣乐队,独家 布衣乐队《云起时》巡演北京站,北京,MAO Livehouse北京（东郎店）,2026-11-06 20:00,108 / 138 / 238,待定,爬虫采集,https://www.showstart.com/event/307959,2026-08-31
燕池,独家 燕池2026秋夜行秋季巡演北京站,北京,疆进酒·OMNI SPACE（北京）,2026-11-07 20:00,150 / 180,待定,爬虫采集,https://www.showstart.com/event/307111,2026-08-31
奈热乐队,《在蒙古包旁边跳舞》奈热乐队2026巡演（北京站）,北京,福浪LIVEHOUSE-福,2026-11-08 20:00,158 / 188 / 300,待定,爬虫采集,https://www.showstart.com/event/301448,2026-08-31
The Seven Mile Journey,独家 New Noise呈现｜The Seven Mile Journey 2026 巡演 北京站,北京,MAO Livehouse北京（东郎店）,2026-11-08 20:30,180,待定,爬虫采集,https://www.showstart.com/event/307731,2026-08-31
石进,【北京】《夜的钢琴曲》石进钢琴作品音乐会2026,北京,北京国图艺术中心,2026-11-14 19:30,180 / 280 / 380 / 480 / 580,待定,爬虫采集,https://www.showstart.com/event/299477,2026-08-31
HYPER SLASH超级斩,独家 HYPER SLASH超级斩十周年巡演 北京站,北京,疆进酒·OMNI SPACE（北京）,2026-11-14 20:00,128 / 150 / 180 / 320,待定,爬虫采集,https://www.showstart.com/event/307949,2026-08-31
,暴雪35周年官方游戏交响音乐会（Jason Hayes领衔）北京站,北京,北京世纪剧院,2026-11-18 19:30,280 / 380 / 580 / 780 / 980 / 1380,待定,爬虫采集,https://www.showstart.com/event/300025,2026-08-31
"Black Country, New Road","独家 【声厂呈现】Black Country, New Road 2026巡演·北京站",北京,蛙厂RMMF·北京798店,2026-11-19 20:30,300 / 340,待定,爬虫采集,https://www.showstart.com/event/305652,2026-08-31
Mojo Hand（魔力手）乐队,独家 JUMP THE BLUE·MOJOHAND2026跨蓝巡演-北京站,北京,疆进酒·OMNI SPACE（北京）,2026-11-21 20:00,100 / 120 / 180,待定,爬虫采集,https://www.showstart.com/event/303768,2026-08-31
黑鸭子组合,好人好梦—黑鸭子组合 2026 经典金曲专场音乐会,北京,北京中山音乐堂,2026-11-29 19:30,180 / 280 / 380 / 580 / 680,待定,爬虫采集,https://www.showstart.com/event/307734,2026-08-31
陈佳,好人好梦—黑鸭子组合 2026 经典金曲专场音乐会,北京,中山公园音乐堂,2026-11-29 19:30,153 / 238 / 323 / 493 / 578,待定,爬虫采集,https://www.showstart.com/event/307482,2026-08-31
气象限定Quadrant,独家 气象限定Quadrant 亚洲巡演【北京站】,北京,疆进酒·OMNI SPACE（北京）,2026-12-12 20:00,118 / 138 / 208,待定,爬虫采集,https://www.showstart.com/event/308523,2026-08-31
Wolf Alice,独家 【HAZE&秀动呈献】英国另类摇滚中坚力量 Wolf Alice 专场巡演北京站,北京,瓦肆 VAS centra,2026-12-15 20:30,580,待定,爬虫采集,https://www.showstart.com/event/307109,2026-08-31
,2027新年音乐会,北京,北京中山音乐堂,2026-12-18 19:30,180 / 280 / 380 / 480 / 680 / 880 / 1080,待定,爬虫采集,https://www.showstart.com/event/306792,2026-08-31
古筝专场,《春江花月夜》“筝鸣四季·古韵新声”---古筝专场音乐会,北京,北京世纪剧院,2026-12-19 16:00,32 / 72 / 112 / 152,待定,爬虫采集,https://www.showstart.com/event/302652,2026-08-31
,2027新年交响音乐会,北京,北京中山音乐堂,2026-12-24 19:30,180 / 280 / 380 / 580 / 780 / 980 / 1080 / 1280,待定,爬虫采集,https://www.showstart.com/event/301928,2026-08-31
维也纳皇家交响乐团,（限时早鸟六折特惠）2027新年交响音乐会,北京,中山公园音乐堂,2026-12-24 19:30,108 / 168 / 228 / 348 / 468 / 588 / 648 / 768,待定,爬虫采集,https://www.showstart.com/event/299377,2026-08-31
,2027新年交响音乐会,北京,北京中山音乐堂,2026-12-25 19:30,180 / 280 / 380 / 580 / 780 / 980 / 1080 / 1280,待定,爬虫采集,https://www.showstart.com/event/301929,2026-08-31
维也纳皇家交响乐团,【北京】2027新年音乐会—北京站,北京,北京音乐厅,2026-12-25 19:30,168 / 288 / 408 / 528 / 648 / 768,待定,爬虫采集,https://www.showstart.com/event/303088,2026-08-31
,《笑傲江湖》经典武侠金曲·民乐新国潮音乐会,北京,北京世纪剧院,2026-12-26 16:00,32 / 72 / 112 / 152,待定,爬虫采集,https://www.showstart.com/event/302654,2026-08-31
,《告白气球》《我们的爱》浪漫烛光音乐会,北京,东图剧场,2026-12-27 16:30,66 / 129,待定,爬虫采集,https://www.showstart.com/event/307519,2026-08-31
北京爱乐乐团,《加勒比海盗》《克罗地亚狂想曲》世界名曲跨界音乐会,北京,东图剧场,2026-12-27 19:00,66 / 129,待定,爬虫采集,https://www.showstart.com/event/307518,2026-08-31
维也纳施特劳斯乐团,维也纳施特劳斯乐团2027新年音乐会 北京站,北京,北京展览馆剧场,2026-12-30 19:30,153 / 238 / 408 / 578 / 748 / 1088,待定,爬虫采集,https://www.showstart.com/event/305441,2026-08-31
,BBC EARTH《地球脉动Ⅲ》视听音乐会,北京,北京保利剧院,2026-12-31 19:30,180 / 380 / 480 / 680 / 880,待定,爬虫采集,https://www.showstart.com/event/307810,2026-08-31
,2027新年交响音乐会,北京,北京中山音乐堂,2027-01-03 19:30,180 / 280 / 380 / 580 / 780 / 980 / 1080 / 1280,待定,爬虫采集,https://www.showstart.com/event/307735,2026-08-31
,2027新年音乐会,北京,北京中山音乐堂,2027-01-10 19:30,180 / 280 / 380 / 480 / 680 / 880 / 1080,待定,爬虫采集,https://www.showstart.com/event/306793,2026-08-31
,维也纳皇家交响乐团-2027北京新年音乐会,北京,北京音乐厅,2027-01-24 19:30,98 / 135 / 210 / 285 / 360 / 510 / 660 / 810,待定,爬虫采集,https://www.showstart.com/event/307867,2026-08-31
,北京丨9.2 当吉普赛爵士遇见探戈，一场浪漫与激情的碰撞,北京,Blue Note Beijing,2026-09-02 20:00,180,待定,爬虫采集,https://www.showstart.com/event/308334,2026-08-31
黑莓社全女子乐团,北京丨9.3 听她们的！黑莓社全女子爵士乐队 原创专场,北京,Blue Note Beijing,2026-09-03 20:00,180,待定,爬虫采集,https://www.showstart.com/event/308160,2026-08-31
,北京丨9.4 MOE《莫名期待》Blue Note Beijing特别专场,北京,Blue Note Beijing,2026-09-04 20:00,260,待定,爬虫采集,https://www.showstart.com/event/307380,2026-08-31
马飞,独家 马飞「祝你幸福」系列专场·北京,北京,疆进酒·OMNI SPACE（北京）,2026-09-05 20:30,129 / 169,待定,爬虫采集,https://www.showstart.com/event/307108,2026-08-31
Lebanon Hanover,独家 德系暗潮组合Lebanon Hanover2026北京专场,北京,福浪LIVEHOUSE-福,2026-09-05 20:30,180 / 220 / 260 / 420,待定,爬虫采集,https://www.showstart.com/event/299596,2026-08-31
Rachael Yamagata 山形瑞秋,山形瑞秋The Starlit Alchemy Tour 2026 — 北京站,北京,MAO Livehouse北京（东郎店）,2026-09-06 19:30,280 / 360 / 460 / 580,待定,爬虫采集,https://www.showstart.com/event/305731,2026-08-31
海尾巴Haibhue / 马条 / 邓加宇,独家 回到乡里- 海尾巴「海的尾巴」北漂特别专场,北京,福浪LIVEHOUSE-浪,2026-09-06 20:00,118 / 138 / 198,待定,爬虫采集,https://www.showstart.com/event/307611,2026-08-31
犬舍乐队CHASER / Halt & Hoax止谎,"独家 摇滚永存｜Chaser犬舍, Halt & Hoax止谎",北京,黄昏黎明DDC,2026-09-09 19:00,70,待定,爬虫采集,https://www.showstart.com/event/308783,2026-08-31
LÜCY（露西姑妈）,【北京站】LÜCY 2026 TOUR,北京,1919 LIVEHOUSE,2026-09-09 20:00,228 / 388,待定,爬虫采集,https://www.showstart.com/event/301757,2026-08-31
徐晨曦 / 陈泽然 / 赵濛 / 胡浩 / 严亨,北京丨9.10 秋日私语——徐晨曦爵士五重奏,北京,Blue Note Beijing,2026-09-10 20:00,200,待定,爬虫采集,https://www.showstart.com/event/308428,2026-08-31
,北京丨9.11-12 「Johnny O'Neal Plays and Sings the American Songbook」20位爵士传奇之一，Johnny O’Neal Trio强势回归！,北京,Blue Note Beijing,2026-09-11 19:30,320 / 360,待定,爬虫采集,https://www.showstart.com/event/307604,2026-08-31
SYEAM,魔代AI电音节,北京,海淀二河开21号艺术区露天音乐广场,2026-09-12 16:30,128 / 158 / 198 / 5555 / 6666 / 8888 / 9999,待定,爬虫采集,https://www.showstart.com/event/305179,2026-08-31
萱言乐团,独家 萱言乐团北京专场音乐秀,北京,星光2号馆,2026-09-12 19:00,79 / 99 / 119 / 199 / 299 / 399,待定,爬虫采集,https://www.showstart.com/event/308866,2026-08-31
ksovii,独家 ksovii「去哪儿」2026巡北京站,北京,门空间 The Door Space,2026-09-12 19:30,149 / 169 / 228,待定,爬虫采集,https://www.showstart.com/event/306096,2026-08-31
隔壁团,独家 隔壁团十五周年特别专场《我要喝啤酒》,北京,菇的LIVE·蘑菇洞,2026-09-12 20:30,150 / 180 / 260,待定,爬虫采集,https://www.showstart.com/event/307853,2026-08-31
We Lost The Sea,独家 NewNoise呈现｜WE LOST THE SEA 2026 北京专场,北京,疆进酒·OMNI SPACE（北京）,2026-09-15 20:30,180,待定,爬虫采集,https://www.showstart.com/event/301678,2026-08-31
Heretoir / Unreqvited,"独家 Unknown Art 呈现｜Heretoir & Unreqvited 2026 双专场巡回, 后黑自赏黑名团-北京站",北京,疆进酒·OMNI SPACE（北京）,2026-09-16 19:30,188 / 200 / 228,待定,爬虫采集,https://www.showstart.com/event/307722,2026-08-31
The Omnific / 气象限定Quadrant,独家 SoundVibe呈现｜澳洲前卫金属双贝斯乐队The Omnific《低频共振》北京站,北京,黄昏黎明DDC,2026-09-18 20:00,280 / 380,待定,爬虫采集,https://www.showstart.com/event/302466,2026-08-31
钟易轩,独家 钟易轩 2026「盘旋」北京 生日专场,北京,WeShow Live,2026-09-19 19:00,138 / 158 / 258,待定,爬虫采集,https://www.showstart.com/event/307748,2026-08-31
LANY,LANY: soft world tour 北京站,北京,蛙厂RMMF·北京798店,2026-09-20 20:00,480 / 680 / 1150 / 1880,待定,爬虫采集,https://www.showstart.com/event/297523,2026-08-31
铅白乐队（Lead white） / 若海乐队,「 秋分难耐 」 铅白 x 若海 联合后摇新锐专场 北京站,北京,声花livehouse,2026-09-23 20:30,5 / 60 / 100,待定,爬虫采集,https://www.showstart.com/event/307000,2026-08-31
Crispy脆乐团,独家 Crispy脆乐团 2026「相遇就是说了100次我爱你」演出 北京站,北京,MAO Livehouse北京（东郎店）,2026-09-24 20:00,199 / 288 / 388,待定,爬虫采集,https://www.showstart.com/event/306420,2026-08-31
Mino Lanzieri米诺·兰齐耶里,北京丨9.26 三度百大最佳爵士专辑！Mino Lanzieri 二十周年纪念演出,北京,Blue Note Beijing,2026-09-26 19:30,200,待定,爬虫采集,https://www.showstart.com/event/308677,2026-08-31
铁皮机器人乐队,独家 发射！铁皮机器人号飞船—铁皮机器人北京特别专场,北京,声花livehouse,2026-09-26 20:30,18 / 68 / 118,待定,爬虫采集,https://www.showstart.com/event/305596,2026-08-31
Alvvays,独家 【千手集】Alvvays 2026 北京专场,北京,蛙厂RMMF·北京798店,2026-10-07 20:30,260 / 320 / 490,待定,爬虫采集,https://www.showstart.com/event/306824,2026-08-31
黑甜一枕 / 黑马内Hey Money 乐队,独家 后朋自远方来｜破界篇【双黑大乱斗】杭京 No Stage 合体专场,北京,疆进酒·OMNI SPACE（北京）,2026-10-10 20:00,9.90 / 59 / 79 / 119,待定,爬虫采集,https://www.showstart.com/event/308354,2026-08-31
Belle Chen / 粟畅,独家 RAVEL IN THE FOREST & BEYOND｜Belle Chen World Tour 2026 北京首演,北京,黄昏黎明DDC,2026-10-16 20:00,268 / 388,待定,爬虫采集,https://www.showstart.com/event/306762,2026-08-31
暗杠,暗杠「太阳·月亮·草地」走歌人2026专辑巡唱 北京站,北京,1919 LIVEHOUSE,2026-10-17 20:00,128 / 188 / 218 / 388,待定,爬虫采集,https://www.showstart.com/event/304131,2026-08-31
Jake Miller,Jake Miller「The Spark Tour」-北京站,北京,蛙厂RMMF·北京798店,2026-10-20 20:00,298 / 398 / 688,待定,爬虫采集,https://www.showstart.com/event/304763,2026-08-31
帆布小镇,帆布小镇今夜无法入眠Ⅱ特别专场-北京站,北京,MAO Livehouse北京（东郎店）,2026-10-24 20:00,99 / 120 / 150,待定,爬虫采集,https://www.showstart.com/event/306731,2026-08-31
裁缝铺,独家 2026裁缝铺“又来了”巡回演出 北京站,北京,瓦肆 VAS centra,2026-10-31 20:00,188 / 238 / 458,待定,爬虫采集,https://www.showstart.com/event/305186,2026-08-31
Men I Trust,独家 Men I Trust（我信任的人）2026演出-北京站,北京,蛙厂RMMF·北京798店,2026-11-10 20:00,328 / 388 / 888,待定,爬虫采集,https://www.showstart.com/event/306739,2026-08-31
kings of convenience便利之王,Kings of Convenience便利之王2026北京专场,北京,蛙厂RMMF·北京798店,2026-11-26 20:30,360 / 380 / 420,待定,爬虫采集,https://www.showstart.com/event/303939,2026-08-31
,大型音乐史诗—东方红,北京,北京中山音乐堂,2026-12-29 19:30,180 / 280 / 380 / 580 / 880,待定,爬虫采集,https://www.showstart.com/event/305198,2026-08-31
,大型音乐史诗一东方红,北京,中山公园音乐堂,2026-12-29 19:30,180 / 280 / 380 / 580 / 880 / 1000,待定,爬虫采集,https://www.showstart.com/event/303156,2026-08-31
